fold,coef_l2_norm,n_warnings
1,0.13318200290303758,0
2,0.13371106324348414,0
3,0.1326628473212291,0
4,0.13292460785576066,0
5,0.13301004185760468,0
