target,model,split,mse,mae,r2,n_features,cv_mse,cv_mae,cv_r2
energy,lasso,test,0.0179640354423201,0.1035322291878462,0.7353352099806266,13.0,,,
loudness,ridge,test,11.83863430391071,2.417419988001071,0.7213617408498036,13.0,,,
acousticness,ridge,test,0.0521956070282274,0.1804457543986934,0.565006201558991,13.0,,,
danceability,lasso,test,0.0205183561730514,0.115003491567852,0.4179723954351478,13.0,0.0205652973461225,0.1153467690588888,0.4211512962225608
valence,lasso,test,0.0474147073698503,0.1771511209983067,0.2924686778823989,13.0,,,
tempo,lasso,test,827.8784524332684,23.294725381041527,0.068485993555743,13.0,,,
