target,lasso,linear_regression,mean_baseline,ridge
acousticness,0.5649966714329778,0.5650056701718573,-4.717791147967887e-06,0.565006201558991
danceability,0.4179723954351478,0.417948919165804,-8.320265076910971e-07,0.4179513180915021
energy,0.7353352099806266,0.7353304706292023,-6.482152470566049e-06,0.7353305748528947
loudness,0.7213606663616338,0.7213608498725348,-3.3493011741825285e-07,0.7213617408498036
tempo,0.068485993555743,0.0684627493943302,-1.096647381326754e-05,0.0684605599084723
valence,0.2924686778823989,0.2924440289437355,-8.285051283007938e-05,0.2924444398742474
