feature,coefficient
loudness,0.06795421794019867
valence,0.06757612497793777
energy,-0.05782657201998914
acousticness,-0.053071761513472794
speechiness,0.03392467849886905
liveness,-0.02588846905447211
time_signature,0.015402803546425486
tempo,-0.010941498049418429
duration_ms,-0.009673804887173476
mode,-0.007667556586305566
popularity,0.005952169542374587
key,-0.0014931821439600234
instrumentalness,-0.001335371883251685
